{
  "norm_stats": {
    "state": {
      "mean": [
        -0.1744404137134552,
        0.9739001989364624,
        0.752515435218811,
        -0.48945939540863037,
        0.025451485067605972,
        -0.10457011312246323,
        0.7812539339065552,
        0.20168261229991913,
        1.06319260597229,
        0.8320956230163574,
        -0.5364735126495361,
        -0.020438063889741898,
        0.12986405193805695,
        0.7614142298698425,
        0.0,
        0.0,
        0.0,
        0.0,
        0.0,
        0.0,
        0.0,
        0.0,
        0.0,
        0.0,
        0.0,
        0.0,
        0.0,
        0.0,
        0.0,
        0.0,
        0.0,
        0.0
      ],
      "std": [
        0.2695852816104889,
        1.0313706398010254,
        0.8128733038902283,
        0.5227383375167847,
        0.07265870273113251,
        0.34143391251564026,
        0.3968474864959717,
        0.27426594495773315,
        1.0427861213684082,
        0.8350467681884766,
        0.5318572521209717,
        0.0750034749507904,
        0.37038683891296387,
        0.4084323048591614,
        0.0,
        0.0,
        0.0,
        0.0,
        0.0,
        0.0,
        0.0,
        0.0,
        0.0,
        0.0,
        0.0,
        0.0,
        0.0,
        0.0,
        0.0,
        0.0,
        0.0,
        0.0
      ],
      "q01": [
        -0.8214836238741875,
        -0.000014816734619671479,
        -0.000030738676287001,
        -1.4529141184977954,
        -0.023240212471783164,
        -0.814542456805706,
        0.0,
        -0.09710124620199204,
        -1.7367435702908551e-6,
        -0.000027765892809838988,
        -1.4855824593872575,
        -0.2990966538488865,
        -0.9951194619178771,
        0.0,
        0.0,
        0.0,
        0.0,
        0.0,
        0.0,
        0.0,
        0.0,
        0.0,
        0.0,
        0.0,
        0.0,
        0.0,
        0.0,
        0.0,
        0.0,
        0.0,
        0.0,
        0.0
      ],
      "q99": [
        0.0909547536730766,
        2.5696997394136445,
        2.3823655932689305,
        -0.00036346718266511147,
        0.31133613826185463,
        0.9838273499608039,
        0.9998,
        0.8079138018012046,
        2.5803574665746623,
        2.4322276538116716,
        -0.00040074224262554026,
        0.12139878613352773,
        0.8152490760803222,
        0.9998,
        0.0,
        0.0,
        0.0,
        0.0,
        0.0,
        0.0,
        0.0,
        0.0,
        0.0,
        0.0,
        0.0,
        0.0,
        0.0,
        0.0,
        0.0,
        0.0,
        0.0,
        0.0
      ]
    },
    "actions": {
      "mean": [
        -0.017311152070760727,
        0.03328246250748634,
        0.03341123089194298,
        -0.02348797209560871,
        0.002676469273865223,
        -0.020752690732479095,
        0.7812806367874146,
        0.021103447303175926,
        0.03983777016401291,
        0.041235923767089844,
        -0.0280524343252182,
        -0.003286353312432766,
        0.025748424232006073,
        0.7613433003425598,
        0.0,
        0.0,
        0.0,
        0.0,
        0.0,
        0.0,
        0.0,
        0.0,
        0.0,
        0.0,
        0.0,
        0.0,
        0.0,
        0.0,
        0.0,
        0.0,
        0.0,
        0.0
      ],
      "std": [
        0.18549174070358276,
        0.5489271283149719,
        0.45225954055786133,
        0.31335774064064026,
        0.05495546758174896,
        0.27847668528556824,
        0.3967568278312683,
        0.1887737661600113,
        0.5549138784408569,
        0.46206119656562805,
        0.31976795196533203,
        0.06079776957631111,
        0.2986145317554474,
        0.4085076153278351,
        0.0,
        0.0,
        0.0,
        0.0,
        0.0,
        0.0,
        0.0,
        0.0,
        0.0,
        0.0,
        0.0,
        0.0,
        0.0,
        0.0,
        0.0,
        0.0,
        0.0,
        0.0
      ],
      "q01": [
        -0.6290160678982735,
        -1.9435987092018128,
        -1.5512181926727295,
        -1.1347494646549223,
        -0.20806715934276582,
        -1.2648193278312683,
        0.0,
        -0.66554462403059,
        -1.9512090342521669,
        -1.5748603774547576,
        -1.1423557761192322,
        -0.2303332396328449,
        -0.8070279025554659,
        0.0,
        0.0,
        0.0,
        0.0,
        0.0,
        0.0,
        0.0,
        0.0,
        0.0,
        0.0,
        0.0,
        0.0,
        0.0,
        0.0,
        0.0,
        0.0,
        0.0,
        0.0,
        0.0
      ],
      "q99": [
        0.6707837546706201,
        2.1125318831443787,
        1.7164538105010982,
        1.026806550216675,
        0.23223343405723573,
        0.7944319908618929,
        0.9998,
        0.6172944056987764,
        2.1206876691341403,
        1.725372647762299,
        1.018236607074738,
        0.21395994555354125,
        1.300436911869049,
        0.9998,
        0.0,
        0.0,
        0.0,
        0.0,
        0.0,
        0.0,
        0.0,
        0.0,
        0.0,
        0.0,
        0.0,
        0.0,
        0.0,
        0.0,
        0.0,
        0.0,
        0.0,
        0.0
      ]
    }
  }
}